{
  "name" : "Dashboard Cards",
  "version" : "1.0",
  "description" : "Create nice cards with this template component plugin.",
  "keywords" : ["APEX", "TEMPLATE_COMPONENT", "CARDS"],
  "homepage" : "https://github.com/rodrigomesquitaorclapex/dashboard-cards",
  "bugs" : {
    "url" : "https://github.com/rodrigomesquitaorclapex/dashboard-cards/issues",
    "email" : "rodrigomesquita.ti@gmail.com"
  },
  "license" : "MIT",
  "author" : {
    "name" : "Rodrigo Mesquita",
    "email" : "rodrigomesquita.ti@gmail.com",
    "url" : "",
    "donationUrl" : "https://paypal.me/mesquitarodr"
  },
  "repository" : {
    "type" : "git",
    "url" : "https://github.com/rodrigomesquitaorclapex/dashboard-cards.git"
  },
  "oracle" : {
    "versions" : ["12.1.0.1","12.2.0.1","18.0.0.0","19.0.0.0","21.0.0.0"],
    "apex" : {
      "versions" : ["23.2"],
      "plugin" : {
        "internalName" : "COM.RODRIGOMESQUITA.DASHBOARD_CARDS",
        "type" : "template component",
        "demo" : "https://bit.ly/dashboard-cards",
        "previewImage" : "https://raw.githubusercontent.com/rodrigomesquitaorclapex/dashboard-cards/main/assets/plugin_preview.jpg"
      }
    }
  }
}
